INSERT INTO address (id, cep, city, complement, name, neighborhood, number, state, street)
VALUES (null, "89253308", "Jaraguá do Sul", null, "Casa", "Jaraguá Esquerdo", 25, 23, "Servidão 45"),
       (null, "89253309", "Jaraguá do Sul", "Apto 102", "Apartamento", "Centro", 222, 23, "Rua das Flores"),
       (null, "88000000", "Florianópolis", "Sala 301", "Escritório", "Centro", 100, 24, "Avenida Beira Mar"),
       (null, "70000000", "Brasília", "Bloco C", "Apartamento", "Asa Sul", 202, 26, "Quadra 312"),
       (null, "89253309", "Jaraguá do Sul", "Apto 102", "Apartamento", "Centro", 222, 23, "Rua das Flores"),
       (null, "88000000", "Florianópolis", "Sala 301", "Escritório", "Centro", 100, 24, "Avenida Beira Mar"),
       (null, "70000000", "Brasília", "Bloco C", "Apartamento", "Asa Sul", 202, 26, "Quadra 312"),
       (null, "89253309", "Jaraguá do Sul", "Apto 102", "Apartamento", "Centro", 222, 23, "Rua das Flores"),
       (null, "88000000", "Florianópolis", "Sala 301", "Escritório", "Centro", 100, 24, "Avenida Beira Mar"),
       (null, "70000000", "Brasília", "Bloco C", "Apartamento", "Asa Sul", 202, 26, "Quadra 312"),
       (null, "70000000", "Brasília", "Bloco C", "Apartamento", "Asa Sul", 202, 26, "Quadra 312"),
       (null, "88000000", "Florianópolis", "Sala 301", "Escritório", "Centro", 100, 24, "Avenida Beira Mar"),
       (null, "70000000", "Brasília", "Bloco C", "Apartamento", "Asa Sul", 202, 26, "Quadra 312"),
       (null, "70000000", "Brasília", "Bloco C", "Apartamento", "Asa Sul", 202, 26, "Quadra 312"),
       (null, "01000000", "São Paulo", "Andar 15", "Sala Comercial", "Centro", 500, 26, "Avenida Paulista");

INSERT INTO image (id, size, name, type, file)
VALUES (null, 187, "oi.png", "image/png", LOAD_FILE("C:/Users/kaue_s_andrade/Documents/GitHub/PetShop-Top-Care-BackEnd/petshop/src/main/resources/image/oi.png")),
       (null, 187, "oi.png", "image/png", LOAD_FILE("C:/Users/kaue_s_andrade/Documents/GitHub/PetShop-Top-Care-BackEnd/petshop/src/main/resources/image/oi.png")),
       (null, 187, "oi.png", "image/png", LOAD_FILE("C:/Users/kaue_s_andrade/Documents/GitHub/PetShop-Top-Care-BackEnd/petshop/src/main/resources/image/oi.png")),
       (null, 187, "oi.png", "image/png", LOAD_FILE("C:/Users/kaue_s_andrade/Documents/GitHub/PetShop-Top-Care-BackEnd/petshop/src/main/resources/image/oi.png")),
       (null, 187, "oi.png", "image/png", LOAD_FILE("C:/Users/kaue_s_andrade/Documents/GitHub/PetShop-Top-Care-BackEnd/petshop/src/main/resources/image/oi.png")),
       (null, 187, "oi.png", "image/png", LOAD_FILE("C:/Users/kaue_s_andrade/Documents/GitHub/PetShop-Top-Care-BackEnd/petshop/src/main/resources/image/oi.png")),
       (null, 187, "oi.png", "image/png", LOAD_FILE("C:/Users/kaue_s_andrade/Documents/GitHub/PetShop-Top-Care-BackEnd/petshop/src/main/resources/image/oi.png")),
       (null, 187, "oi.png", "image/png", LOAD_FILE("C:/Users/kaue_s_andrade/Documents/GitHub/PetShop-Top-Care-BackEnd/petshop/src/main/resources/image/oi.png")),
       (null, 187, "oi.png", "image/png", LOAD_FILE("C:/Users/kaue_s_andrade/Documents/GitHub/PetShop-Top-Care-BackEnd/petshop/src/main/resources/image/oi.png")),
       (null, 187, "oi.png", "image/png", LOAD_FILE("C:/Users/kaue_s_andrade/Documents/GitHub/PetShop-Top-Care-BackEnd/petshop/src/main/resources/image/oi.png")),
       (null, 187, "oi.png", "image/png", LOAD_FILE("C:/Users/kaue_s_andrade/Documents/GitHub/PetShop-Top-Care-BackEnd/petshop/src/main/resources/image/oi.png")),
       (null, 187, "oi.png", "image/png", LOAD_FILE("C:/Users/kaue_s_andrade/Documents/GitHub/PetShop-Top-Care-BackEnd/petshop/src/main/resources/image/oi.png")),
       (null, 187, "oi.png", "image/png", LOAD_FILE("C:/Users/kaue_s_andrade/Documents/GitHub/PetShop-Top-Care-BackEnd/petshop/src/main/resources/image/oi.png")),
       (null, 187, "oi.png", "image/png", LOAD_FILE("C:/Users/kaue_s_andrade/Documents/GitHub/PetShop-Top-Care-BackEnd/petshop/src/main/resources/image/oi.png")),
       (null, 187, "oi.png", "image/png", LOAD_FILE("C:/Users/kaue_s_andrade/Documents/GitHub/PetShop-Top-Care-BackEnd/petshop/src/main/resources/image/oi.png")),
       (null, 187, "oi.png", "image/png", LOAD_FILE("C:/Users/kaue_s_andrade/Documents/GitHub/PetShop-Top-Care-BackEnd/petshop/src/main/resources/image/oi.png")),
       (null, 187, "oi.png", "image/png", LOAD_FILE("C:/Users/kaue_s_andrade/Documents/GitHub/PetShop-Top-Care-BackEnd/petshop/src/main/resources/image/oi.png")),
       (null, 187, "oi.png", "image/png", LOAD_FILE("C:/Users/kaue_s_andrade/Documents/GitHub/PetShop-Top-Care-BackEnd/petshop/src/main/resources/image/oi.png")),
       (null, 187, "oi.png", "image/png", LOAD_FILE("C:/Users/kaue_s_andrade/Documents/GitHub/PetShop-Top-Care-BackEnd/petshop/src/main/resources/image/oi.png")),
       (null, 187, "oi.png", "image/png", LOAD_FILE("C:/Users/kaue_s_andrade/Documents/GitHub/PetShop-Top-Care-BackEnd/petshop/src/main/resources/image/oi.png")),
       (null, 187, "oi.png", "image/png", LOAD_FILE("C:/Users/kaue_s_andrade/Documents/GitHub/PetShop-Top-Care-BackEnd/petshop/src/main/resources/image/oi.png")),
       (null, 187, "oi.png", "image/png", LOAD_FILE("C:/Users/kaue_s_andrade/Documents/GitHub/PetShop-Top-Care-BackEnd/petshop/src/main/resources/image/oi.png")),
       (null, 187, "oi.png", "image/png", LOAD_FILE("C:/Users/kaue_s_andrade/Documents/GitHub/PetShop-Top-Care-BackEnd/petshop/src/main/resources/image/oi.png")),
       (null, 187, "oi.png", "image/png", LOAD_FILE("C:/Users/kaue_s_andrade/Documents/GitHub/PetShop-Top-Care-BackEnd/petshop/src/main/resources/image/oi.png")),
       (null, 187, "oi.png", "image/png", LOAD_FILE("C:/Users/kaue_s_andrade/Documents/GitHub/PetShop-Top-Care-BackEnd/petshop/src/main/resources/image/oi.png")),
       (null, 187, "oi.png", "image/png", LOAD_FILE("C:/Users/kaue_s_andrade/Documents/GitHub/PetShop-Top-Care-BackEnd/petshop/src/main/resources/image/oi.png")),
       (null, 187, "oi.png", "image/png", LOAD_FILE("C:/Users/kaue_s_andrade/Documents/GitHub/PetShop-Top-Care-BackEnd/petshop/src/main/resources/image/oi.png")),
       (null, 187, "oi.png", "image/png", LOAD_FILE("C:/Users/kaue_s_andrade/Documents/GitHub/PetShop-Top-Care-BackEnd/petshop/src/main/resources/image/oi.png")),
       (null, 187, "oi.png", "image/png", LOAD_FILE("C:/Users/kaue_s_andrade/Documents/GitHub/PetShop-Top-Care-BackEnd/petshop/src/main/resources/image/oi.png")),
       (null, 187, "oi.png", "image/png", LOAD_FILE("C:/Users/kaue_s_andrade/Documents/GitHub/PetShop-Top-Care-BackEnd/petshop/src/main/resources/image/oi.png")),
       (null, 187, "oi.png", "image/png", LOAD_FILE("C:/Users/kaue_s_andrade/Documents/GitHub/PetShop-Top-Care-BackEnd/petshop/src/main/resources/image/oi.png")),
       (null, 187, "oi.png", "image/png", LOAD_FILE("C:/Users/kaue_s_andrade/Documents/GitHub/PetShop-Top-Care-BackEnd/petshop/src/main/resources/image/oi.png")),
       (null, 187, "oi.png", "image/png", LOAD_FILE("C:/Users/kaue_s_andrade/Documents/GitHub/PetShop-Top-Care-BackEnd/petshop/src/main/resources/image/oi.png")),
       (null, 187, "oi.png", "image/png", LOAD_FILE("C:/Users/kaue_s_andrade/Documents/GitHub/PetShop-Top-Care-BackEnd/petshop/src/main/resources/image/oi.png")),
       (null, 187, "oi.png", "image/png", LOAD_FILE("C:/Users/kaue_s_andrade/Documents/GitHub/PetShop-Top-Care-BackEnd/petshop/src/main/resources/image/oi.png")),
       (null, 187, "oi.png", "image/png", LOAD_FILE("C:/Users/kaue_s_andrade/Documents/GitHub/PetShop-Top-Care-BackEnd/petshop/src/main/resources/image/oi.png")),
       (null, 187, "oi.png", "image/png", LOAD_FILE("C:/Users/kaue_s_andrade/Documents/GitHub/PetShop-Top-Care-BackEnd/petshop/src/main/resources/image/oi.png")),
       (null, 187, "oi.png", "image/png", LOAD_FILE("C:/Users/kaue_s_andrade/Documents/GitHub/PetShop-Top-Care-BackEnd/petshop/src/main/resources/image/oi.png")),
       (null, 187, "oi.png", "image/png", LOAD_FILE("C:/Users/kaue_s_andrade/Documents/GitHub/PetShop-Top-Care-BackEnd/petshop/src/main/resources/image/oi.png")),
       (null, 187, "oi.png", "image/png", LOAD_FILE("C:/Users/kaue_s_andrade/Documents/GitHub/PetShop-Top-Care-BackEnd/petshop/src/main/resources/image/oi.png")),
       (null, 187, "oi.png", "image/png", LOAD_FILE("C:/Users/kaue_s_andrade/Documents/GitHub/PetShop-Top-Care-BackEnd/petshop/src/main/resources/image/oi.png"));

INSERT INTO brand_image (id)
VALUES (1),
       (2),
       (3),
       (4),
       (5);

INSERT INTO brand (id, name, image_id)
VALUES (null, "Royal", 1),
       (null, "Pedigree", 2),
       (null, "Golden", 3),
       (null, "Whiskas", 4),
       (null, "Zee.dog", 5);

INSERT INTO category_image (id)
VALUES (6),
       (7),
       (8),
       (9),
       (10),
       (26),
       (27),
       (28),
       (29),
       (30),
       (31),
       (32),
       (33),
       (34);

INSERT INTO customer_image (id)
VALUES (11),
       (12),
       (13),
       (14),
       (15);

INSERT INTO pet_image (id)
VALUES (16),
       (17),
       (18),
       (19),
       (20);

INSERT INTO petshop_image (id)
VALUES (21),
       (22),
       (23),
       (24),
       (25);

INSERT INTO product (id, code, enabled, title, rating, description, short_description, brand_id)
VALUES (null, 1, true, "Ração Golden Special", 3, "- Indicada para cães adultos;
- Redução do odor das fezes, seleção de ingredientes especiais que auxiliam na redução do odor das fezes;
- Blend de proteínas, máxima satisfação para o paladar;
- Maior rendimento, ingredientes de alto aproveitamento;
- Saúde e vitalidade, alimento de alta qualidade, rico em vitaminas e minerais;
- Disponível em embalagens de 15kg e 20kg.", "Massa pra caramba!", 1),
       (null, 2, true, "Areia Higiênica Pipicat", 4, "- Indicada para gatos;
- Controle de odores superior com pipicat odor block;
- Forma torrões mais firmes;
- Fácil de limpar;
- Grãos finos;
- Sem fragrância;
- Disponível em embalagem com 4kg, 12kg e 20kg.", "Legal pra caramba!", 2),
       (null, 3, true, "Super Secão Tapete Higiênico para Cachorro", 4.5, "- Indicado para cães;
- Fofinho igual fralda de bebê;
- Ideal para quem faz trocas menos frequentes do tapete no ambiente, com superabsorção;
- Alças no pacote que facilitam para levar para qualquer lugar;
- Gel superabsorvente;
- Atrativo canino que faz com que o seu pet encontre o tapete e tenha vontade de fazer xixi nele;
- Fitas adesivas em todas as extremidades do tapete, que podem ser coladas no piso ou na parede, caso seu pet levante a pata para fazer xixi;
- Mantém a sua casa sempre limpa, sem patas molhadas pelo chão;
- Disponível em embalagem com 7 unidades, 14 unidades e 30 unidades.", "Show pra caramba!", 3),
        (null, 4, true, "Ração Whiskas Adulto", 4, "- Indicada para gatos adultos;
- Ajuda na saúde do trato urinário;
- Contém ômega 6 para uma pelagem brilhante;
- Disponível em embalagens de 10,1kg.", "Saúde e bem-estar para seu gato.", 3),
        (null, 5, true, "Areia Sanitária Pipicat", 4, "- Areia sanitária para gatos;
- Alta absorção e controle de odores;
- Disponível em embalagens de 4kg e 12kg.", "Controle de odores garantido.", 3),
        (null, 6, true, "Shampoo Pet Clean", 5, "- Indicado para cães e gatos;
- Limpeza profunda e fragrância suave;
- Hipoalergênico e pH balanceado;
- Disponível em frascos de 500ml.", "Cuidado completo para pele e pelos.", 4),
        (null, 7, true, "Tapete Higiênico Dog's Care", 5, "- Tapete higiênico descartável;
- Alta absorção e barreiras laterais antivazamento;
- Contém atrativo canino para facilitar o uso;
- Disponível em pacotes de 30 unidades.", "Praticidade e limpeza para seu pet.", 5),
        (null, 8, true, "Brinquedo Mordedor Ossinho", 4, "- Indicado para cães de pequeno e médio porte;
- Material resistente e atóxico;
- Ajuda a manter os dentes limpos e saudáveis.", "Diversão e saúde bucal para seu cão.", 5),
        (null, 9, true, "Ração Purina Pro Plan", 5, "- Ração premium indicada para cães adultos;
- Fórmula com proteínas de alta qualidade;
- Ajuda a manter a saúde intestinal;
- Disponível em embalagens de 15kg.", "Nutrição avançada para seu cão.", 1),
        (null, 10, true, "Antipulgas Frontline", 4, "- Antipulgas para cães e gatos;
- Eficácia comprovada por até 30 dias;
- Disponível em pipetas de 0,67ml.", "Proteção contra pulgas e carrapatos.", 3),
        (null, 11, true, "Coleira Antipulgas Seresto", 5, "- Proteção contra pulgas e carrapatos por até 8 meses;
- À prova d'água;
- Disponível para cães e gatos.", "Proteção de longa duração.", 2),
        (null, 12, true, "Ração N&D Ancestral", 5, "- Indicada para cães adultos de raças grandes;
- Sem adição de transgênicos;
- Disponível em embalagens de 12kg e 18kg.", "Alimento natural para raças grandes.", 1),
        (null, 13, true, "Vermífugo Drontal", 4, "- Vermífugo de amplo espectro;
- Indicado para cães e gatos;
- Disponível em comprimidos mastigáveis.", "Saúde e proteção contra vermes.", 3),
        (null, 14, true, "Ração Hills Science Diet", 5, "- Ração premium para cães com sensibilidade digestiva;
- Formulado com fibras prebióticas;
- Disponível em embalagens de 12kg.", "Saúde digestiva para seu cão.", 1),
        (null, 15, true, "Casinha para Cachorros", 4, "- Casinha de plástico resistente;
- Indicada para cães de médio porte;
- Fácil de limpar e montar.", "Conforto e proteção para seu pet.", 2),
        (null, 16, true, "Ração Pedigree Júnior", 4, "- Ração completa para filhotes;
- Contém DHA para o desenvolvimento cerebral;
- Disponível em embalagens de 10kg.", "Nutrição ideal para filhotes.", 2),
        (null, 17, true, "Pote de Ração Automático", 5, "- Dispenser automático de ração;
- Capacidade para até 5kg de ração;
- Design moderno e prático.", "Alimentação programada para seu pet.", 5),
        (null, 18, true, "Arranhador para Gatos", 4, "- Brinquedo arranhador para gatos;
- Feito com material resistente e reciclável;
- Ajuda a manter as unhas saudáveis.", "Diversão e bem-estar para seu gato.", 4),
        (null, 19, true, "Ração Gran Plus", 4, "- Ração premium para gatos castrados;
- Ajuda no controle de peso;
- Disponível em embalagens de 10,1kg.", "Nutrição ideal para gatos castrados.", 3),
        (null, 20, true, "Coleira Guia Conforto", 5, "- Coleira com guia integrada;
- Material resistente e ajustável;
- Disponível em diversas cores.", "Passeios confortáveis e seguros.", 4),
        (null, 21, true, "Petisco Biscoitos para Cães", 4, "- Petisco sabor carne;
- Ajuda a manter os dentes saudáveis;
- Disponível em pacotes de 500g.", "Sabor e diversão para seu cão.", 2),
        (null, 22, true, "Ração Premier Fórmula", 4, "- Ração premium indicada para cães adultos;
- Rico em nutrientes que favorecem a pele e pelagem;
- Livre de corantes e aromatizantes artificiais;
- Disponível em embalagens de 12kg e 20kg.", "Nutrição completa e balanceada.", 1),
        (null, 23, true, "Ração Royal Canin Mini Indoor", 5, "- Indicada para cães de raças pequenas;
- Promove uma digestão saudável;
- Reduz o odor das fezes;
- Disponível em embalagens de 7,5kg.", "Ração especial para cães de pequeno porte.", 2);

INSERT INTO product_variant (id, variant_code, variant_title, available, discount, price, stock, product_id)
VALUES (null, 11, "15kg", 1, 0, 149.99, 100, 1),
       (null, 21, "12kg", 1, 0, 45.90, 250, 2),
       (null, 31, "14un", 1, 0, 149.99, 100, 3),
       (null, 41, "10,1kg", 1, 0, 89.99, 100, 4),
       (null, 51, "4kg", 1, 0, 29.99, 200, 5),
       (null, 52, "12kg", 1, 0, 59.99, 150, 5),
       (null, 61, "500ml", 1, 0, 24.99, 300, 6),
       (null, 71, "30un", 1, 0, 49.99, 250, 7),
       (null, 81, "Médio", 1, 0, 19.99, 400, 8),
       (null, 91, "15kg", 1, 0, 139.99, 150, 9),
       (null, 101, "0,67ml", 1, 0, 29.99, 500, 10),
       (null, 111, "Grande", 1, 0, 249.99, 100, 11),
       (null, 121, "12kg", 1, 0, 199.99, 120, 12),
       (null, 122, "18kg", 1, 0, 249.99, 80, 12),
       (null, 131, "Comprimidos", 1, 0, 39.99, 400, 13),
       (null, 141, "12kg", 1, 0, 179.99, 150, 14),
       (null, 151, "Médio", 1, 0, 199.99, 100, 15),
       (null, 161, "10kg", 1, 0, 89.99, 300, 16),
       (null, 171, "5kg", 1, 0, 149.99, 200, 17),
       (null, 181, "Médio", 1, 0, 99.99, 150, 18),
       (null, 191, "10,1kg", 1, 0, 119.99, 200, 19),
       (null, 201, "Pequeno", 1, 0, 49.99, 300, 20),
       (null, 211, "500g", 1, 0, 19.99, 400, 21),
       (null, 221, "12kg", 1, 0, 169.99, 250, 22),
       (null, 222, "20kg", 1, 0, 249.99, 120, 22),
       (null, 231, "7,5kg", 1, 0, 109.99, 180, 23),
       (null, 42, "20kg", 1, 5, 169.99, 80, 4),    -- Ração Whiskas Adulto
       (null, 53, "10kg", 1, 0, 49.99, 180, 5),   -- Areia Sanitária Pipicat (10kg)
       (null, 62, "1L", 1, 10, 34.99, 200, 6),    -- Shampoo Pet Clean (1L)
       (null, 72, "50un", 1, 15, 69.99, 120, 7),  -- Tapete Higiênico Dog's Care (50un)
       (null, 82, "Grande", 1, 0, 29.99, 250, 8), -- Brinquedo Mordedor Ossinho
       (null, 92, "20kg", 1, 5, 199.99, 130, 9),  -- Ração Purina Pro Plan
       (null, 102, "1ml", 1, 20, 39.99, 300, 10), -- Antipulgas Frontline (1ml)
       (null, 112, "Pequeno", 1, 0, 199.99, 150, 11), -- Coleira Antipulgas Seresto
       (null, 123, "15kg", 1, 5, 299.99, 60, 12), -- Ração N&D Ancestral (15kg)
       (null, 132, "Solução Oral", 1, 10, 59.99, 350, 13), -- Vermífugo Drontal (Solução Oral)
       (null, 142, "16kg", 1, 0, 199.99, 100, 14),-- Ração Hills Science Diet
       (null, 152, "Grande", 1, 0, 299.99, 70, 15),-- Casinha para Cachorros
       (null, 162, "15kg", 1, 10, 99.99, 220, 16),-- Ração Pedigree Júnior
       (null, 172, "7kg", 1, 5, 199.99, 150, 17), -- Pote de Ração Automático (7kg)
       (null, 182, "Grande", 1, 0, 129.99, 180, 18), -- Arranhador para Gatos
       (null, 192, "8kg", 1, 0, 149.99, 160, 19), -- Ração Gran Plus
       (null, 202, "Médio", 1, 0, 79.99, 220, 20), -- Coleira Guia Conforto
       (null, 212, "750g", 1, 0, 24.99, 350, 21), -- Petisco Biscoitos para Cães
       (null, 223, "25kg", 1, 10, 279.99, 90, 22),-- Ração Premier Fórmula (25kg)
       (null, 232, "10kg", 1, 0, 149.99, 150, 23);-- Ração Royal Canin Mini Indoor

INSERT INTO product_image (id, product_variant_id)
VALUES (26, 1),
       (27, 2);

INSERT INTO service_image (id)
VALUES (28),
       (29),
       (30),
       (31),
       (32);

INSERT INTO user (id, cpf, email, fullname, password, role)
VALUES (null, "23514396000", "usuario@gmail.com", "Usuário da Silva", "usuario123", 3),
       (null, "87441197040", "usuario2@gmail.com", "Usuário2 da Silva", "usuario124", 2),
       (null, "56810850074", "usuario3@gmail.com", "Usuário3 da Silva", "usuario125", 1),
       (null, "24216922023", "usuario4@gmail.com", "Usuário4 da Silva", "usuario126", 0),
       (null, "75659052088", "usuario5@gmail.com", "Usuário5 da Silva", "usuario127", 3);

INSERT INTO shipping_type (id, price, time, shipping_time)
VALUES (null, 10, 48, "2 dias"),
       (null, 20, 12, "12 horas");

INSERT INTO cart (id, shipping_type_id)
VALUES (null, 1),
       (null, 2);

INSERT INTO cart_item (id, amount, product_id, cart_id)
VALUES (null, 3, 1, 1),
       (null, 1, 1, 2);

INSERT INTO customer (id, birth, gender, cart_id, profile_image_id)
VALUES (1, "2000-06-15", 0, 1, 11),
       (5, "2000-06-15", 1, 2, 12);

INSERT INTO card (id, name, last_digits, expiration_date, main_card, customer_id)
VALUES (null, "Usuário da Silva", "1234", "2034-07-01", 1, 1),
       (null, "Usuário5 da Silva", "4321", "2034-08-01", 1, 5);

INSERT INTO category_group (id, title, image_id)
VALUES (null, "Pet", 6), --1
       (null, "Porte de Raça", 7), --2
       (null, "Idade", 8),--3
       (null, "Marca", 9),--4
       (null, "Acessórios", 10),--5
       (null, "Alimentação", 26),--6
       (null, "Cuidados e Higiene", 27),--7
       (null, "Brinquedos", 28),--8
       (null, "Medicamentos", 29),--9
       (null, "Habitat", 30),--10
       (null, "Roupas", 31),--11
       (null, "Camas e Conforto", 32),--12
       (null, "Transporte", 33),--13
       (null, "Exercícios", 34);--14


INSERT INTO contact (id, cellphone, telephone, customer_id)
VALUES (null, "47999999999", null, 1),
       (null, "47888888888", null, 5);

INSERT INTO customer_address (id, customer_id)
VALUES (1, 1),
       (2, 5);

INSERT INTO customer_favorites (customer_id, favorites_id)
VALUES (1, 1),
       (5, 2);

INSERT INTO payment_method (id)
VALUES (null),
       (null);

INSERT INTO payment (id, sub_total, shipping_fee, total, method_id, parcels, status)
VALUES (null, 149.90, 24.99, 174.89, 1, 1, 0),
       (null, 45.90, 14.99, 60.89, 2, 2, 0);

INSERT INTO shipping (id, shipping_code, shipping_by, shipping_type_id)
VALUES (null, 1, "Azul", 1),
       (null, 2, "Sedex", 2);

INSERT INTO customer_order(id, code, delivery_address_id, expected_delivery_date, payment_id, order_date, shipping_id, customer_id)
VALUES (null, 1, 1, "2024-07-30", 1, "2024-07-29", 1, 1),
       (null, 2, 2, "2024-07-30", 2, "2024-07-29", 2, 5);

INSERT INTO petshop_address (id)
VALUES (3), (4);

INSERT INTO petshop (id, name, telephone, image_id, address_id)
VALUES (null, "Topcare Vila Nova", "47111111111", 21, 3),
       (null, "Topcare Figueira", "47222222222", 22, 4);

INSERT INTO employee (id, petshop_id)
VALUES (2, 1),
       (3, 2),
       (4, 2);

INSERT INTO order_item (id, amount, product_id, order_id)
VALUES (null, 2, 1, 1),
       (null, 4, 2, 2);

INSERT INTO pet_type (id, type)
VALUES (null, "Roedor"),
       (null, "Ave");

INSERT INTO pet (id, id_color, image_id, name, type_id, race, size, microchip, gender, color, birth, rga, weight, customer_id)
VALUES (null, 0, 16, "Topolino da Silva", 1, "Rato de esgoto", "Colossal", null, 0, "Cinza", null, null, 25.8, 1),
       (null, 0, 17, "Cleyton", 2, "Galinha de macumba", "Médio", null, 1, "Branca", null, null, 2.2, 5);

INSERT INTO product_category (id, title, category_group_id)
VALUES (null, "Gato", 1),--1
       (null, "Cachorro", 1),--2
       (null, "Pequeno", 2),--3
       (null, "Grande", 3),--4
       (null, "Coleiras", 5),--5     -- Acessórios
       (null, "Guias", 5),--6
       (null, "Peitorais", 5),--7
       (null, "Ração Seca", 6), --8     -- Alimentação
       (null, "Ração Úmida", 6),--9
       (null, "Snacks", 6),--10
       (null, "Tapete Higiênico", 7), --11        -- Cuidados e Higiene
       (null, "Areia Higiênica", 7),--12
       (null, "Escovas", 7),--13
       (null, "Bolas", 8),  --14         -- Brinquedos
       (null, "Pelúcias", 8),--15
       (null, "Discos", 8),--16
       (null, "Antipulgas", 9),   --17   -- Medicamentos
       (null, "Vermífugos", 9),--18
       (null, "Suplementos", 9),--19
       (null, "Casas", 10),    --20       -- Habitat
       (null, "Gaiolas", 10),--21
       (null, "Aquários", 10),--22
       (null, "Camisetas", 11), --23      -- Roupas
       (null, "Jaquetas", 11),--24
       (null, "Sapatos", 11),--25
       (null, "Camas Almofadadas", 12), --26 -- Camas e Conforto
       (null, "Cobertores", 12),--27
       (null, "Colchões", 12),--28
       (null, "Caixas de Transporte", 13), --29 -- Transporte
       (null, "Bolsas de Transporte", 13), --30
       (null, "Grades de Segurança", 13), --31
       (null, "Bolas de Exercício", 14),  --32 -- Exercícios
       (null, "Circuitos de Agilidade", 14),--33
       (null, "Dispositivos de Lançamento", 14);--34

INSERT INTO product_categories (categories_id, product_id)
VALUES  (8, 1),  -- Ração Golden Special
        (8, 2),  -- Areia Higiênica Pipicat
        (11, 3), -- Super Secão Tapete Higiênico para Cachorro
        (8, 4),  -- Ração Whiskas Adulto
        (12, 5), -- Areia Sanitária Pipicat
        (11, 6), -- Shampoo Pet Clean
        (11, 7), -- Tapete Higiênico Dog's Care
        (14, 8), -- Brinquedo Mordedor Ossinho
        (8, 9),  -- Ração Purina Pro Plan
        (17, 10),-- Antipulgas Frontline
        (17, 11),-- Coleira Antipulgas Seresto
        (8, 12), -- Ração N&D Ancestral
        (18, 13),-- Vermífugo Drontal
        (8, 14), -- Ração Hills Science Diet
        (20, 15),-- Casinha para Cachorros
        (8, 16), -- Ração Pedigree Júnior
        (29, 17),-- Pote de Ração Automático
        (14, 18),-- Arranhador para Gatos
        (8, 19), -- Ração Gran Plus
        (23, 20),-- Coleira Guia Conforto
        (10, 21),-- Petisco Biscoitos para Cães
        (8, 22), -- Ração Premier Fórmula
        (8, 23); -- Ração Royal Canin Mini Indoor

INSERT INTO product_review (id, product_id, customer_id, creation_date, rating, review)
VALUES (null, 1, 1, "2024-07-29", 4.5, "Muito bom esse produto!"),
       (null, 3, 5, "2024-07-29", 5, "Muito legal esse produto!");

INSERT INTO product_specification (id, product_id, title, description)
VALUES (null, 1, "Idade", "Filhotes/Adultos"),
       (null, 1, "Linha", "Biodegradável"),
       (null, 2, "Pet", "Gato"),
       (null, 2, "Tipo", "Areia Seca"),
       (null, 3, "Apresentação", "Disponível em embalagem de 1.5kg, 3kg e 4kg");

INSERT INTO schedule (id, pet_id, customer_id, petshop_id, payment_id, date_time)
VALUES (null, 1, 1, 1, 1, "2024-08-15 13:30:00"),
       (null, 2, 5, 2, 2, "2024-08-17 13:30:00");

INSERT INTO service_category (id, title)
VALUES (null, "Higiene"),
       (null, "Saúde");

INSERT INTO service (id, code, category_id, image_id, title, description)
VALUES (null, 1, 1, 28, "Banho e Tosa", "Deixe seu pequeno ou grandinho bem cheirosinho"),
       (null, 2, 2, 29, "Veterinária", "Seu pet com a saúde em dia alegra todos da família"),
       (null, 3, 2, 30, "Vacinação", "Chô doença, vai embora!");

INSERT INTO service_variant (id, service_id, variant_code, variant_title, estimated_time, price)
VALUES (null, 1, 11, "Banho higiênico", "00:30:00", 59.90),
       (null, 2, 22, "Consulta veterinária", "01:30:00", 109.90),
       (null, 3, 33, "Vacina contra raiva", "00:15:00", 69.90);

INSERT INTO service_served_pets(served_pets_id, service_id)
VALUES (1, 1),
       (2, 2),
       (2, 3);

INSERT INTO schedule_services (schedule_id, services_id)
VALUES (1, 1),
       (1, 2),
       (2, 3);

INSERT INTO shipping_status (id, value, date_time)
VALUES (null, 0, "2024-07-29 18:00:00"),
       (null, 1, "2024-07-30 18:00:00"),
       (null, 2, null),
       (null, 3, null),
       (null, 4, null),
       (null, 5, null),
       (null, 0, "2024-07-30 18:00:00"),
       (null, 1, "2024-07-31 18:00:00"),
       (null, 2, null),
       (null, 3, null),
       (null, 4, null),
       (null, 5, null);

INSERT INTO shipping_shipping_status (shipping_id, shipping_status_id)
VALUES (1, 1),
       (1, 2),
       (1, 3),
       (1, 4),
       (1, 5),
       (1, 6),
       (2, 7),
       (2, 8),
       (2, 9),
       (2, 10),
       (2, 11),
       (2, 12);